cinful_id,seq,,,,,,,,,,,,,,,,,,,,,,,
Enterobacteriaceae_gtdb/other_families/Pectobacteriaceae/refseq/bacteria/GCF_002291445.1/GCF_002291445.1_ASM229144v1_genomic|NZ_CP014137.1|4939224:4939490:1,MRELNYNDINFVPGAGDVDWVQVGRDFSVGGATVAGTAFGTGLAGPLGPAIGVLCGVGVGALYDWGSNSGVHLVHPVLLQRQVVVANI*,,,,,,,,,,,,,,,,,,,,,,,
Enterobacteriaceae_gtdb/other_families/Erwiniaceae/refseq/bacteria/GCF_006494375.1/GCF_006494375.1_ASM649437v1_genomic|NZ_VHIZ01000037.1|114529:114804:-1,MRELTISEVNSVSGGNVGEIIVGGVKLINDLFNTPLLSFPGRLLDAIGLGSIHHALDSIGFAIFTTIASLGSALGGDASQINYHFNEEWGD*,,,,,,,,,,,,,,,,,,,,,,,
Enterobacteriaceae_gtdb/other_families/Erwiniaceae/refseq/bacteria/GCF_006494375.1/GCF_006494375.1_ASM649437v1_genomic|NZ_VHIZ01000052.1|138521:138835:-1,MRDLTLCEIETVSGGEFVSTIEGALEGAIWGFIEGLATGVTVGGSASRSAVFGPIAQLCGAVLGGVIGPAVCVIMGALWGKDAVAAYAADFRVNYGTSGSQLLV*,,,,,,,,,,,,,,,,,,,,,,,
Enterobacteriaceae_gtdb/other_families/Erwiniaceae/refseq/bacteria/GCF_006494375.1/GCF_006494375.1_ASM649437v1_genomic|NZ_VHIZ01000066.1|81477:81719:-1,MREINEKEIAAVSGAGLPEFLGDVNSALTDVSGLLDSTLTSLKESTTFGERLSLTFRALGLNVAKSFLTAFSGFLTTISA*,,,,,,,,,,,,,,,,,,,,,,,
Enterobacteriaceae_gtdb/other_families/Erwiniaceae/refseq/bacteria/GCF_002095475.1/GCF_002095475.1_ASM209547v1_genomic|NZ_MLFR01000001.1|120633:120956:1,MKTLSAEEMMMVSGAGNYADKHGMGNPKSSGNSNNKGNPRYNDPGVANCNKAILIGGVLGAAGGGPVGAALGMAGAALGSDCSTSSSSNNNSGSRNGSSSIGGQCSW*,,,,,,,,,,,,,,,,,,,,,,,
Enterobacteriaceae_gtdb/other_families/Erwiniaceae/refseq/bacteria/GCF_000770305.1/GCF_000770305.1_ASM77030v1_genomic|NZ_JNVB01000117.1|4679:5038:-1,MLRELTEIEINNVSGGNANSGYEGPNCTNAAIKGGVTGATGGAVAGAIRGGVTGLAGGPAGVAAGAGAGAAEGAVYGGVSGAVGGYVGCQNSGSANNGGNNGNLGGDSNANSANGQCHW*,,,,,,,,,,,,,,,,,,,,,,,
Enterobacteriaceae_gtdb/other_families/Erwiniaceae/refseq/bacteria/GCF_000770305.1/GCF_000770305.1_ASM77030v1_genomic|NZ_JNVB01000014.1|64978:65184:1,MIKRSDRDITFVGGVGDPLADPDSEIVKRIMSGAAWGATFGVYGELPGMGAVAGIMQKSFKGLYHKCQ*,,,,,,,,,,,,,,,,,,,,,,,
Enterobacteriaceae_gtdb/other_families/Erwiniaceae/refseq/bacteria/GCF_000770305.1/GCF_000770305.1_ASM77030v1_genomic|NZ_JNVB01000002.1|136285:136620:-1,MRELNIQEMQNVSGAYGDDFFLNIEEAIGASIMGGVSAMWAGAILGGRYGGSHAGIVGMGIFGNLVGFIGGAVLGSVGGALYGAVIGADAAGKFASDVMSSILSGDLFKNY*,,,,,,,,,,,,,,,,,,,,,,,
Enterobacteriaceae_gtdb/other_families/Erwiniaceae/refseq/bacteria/GCF_000770305.1/GCF_000770305.1_ASM77030v1_genomic|NZ_JNVB01000020.1|11942:12256:1,MRELQLCEIDNVSGGSFFSSVGAMILGGLAGATTGMMKVGIAGGNTGGILGVGVIGALVGVVLGLSFGAIQGGMYGLVNDWDKTLELFNNLTEQWMDLLNNNPK*,,,,,,,,,,,,,,,,,,,,,,,
Enterobacteriaceae_gtdb/other_families/Erwiniaceae/refseq/bacteria/GCF_000770305.1/GCF_000770305.1_ASM77030v1_genomic|NZ_JNVB01000027.1|2:169:-1,MRELTASEIEFVSGGNANSGYEGGCSSAVTNGATDGAIAGAVGGAVTGALGTVASG,,,,,,,,,,,,,,,,,,,,,,,
Enterobacteriaceae_gtdb/other_families/Erwiniaceae/refseq/bacteria/GCF_001598475.1/GCF_001598475.1_ASM159847v1_genomic|NZ_BCZA01000010.1|141032:141349:-1,MRELTSFEMQNVSGAGFFDFIGAVVVGAVTGISSFGLKWGMSGGSTGGVLGVGIVSAGVGLIVGAVLGLVDGALYGAMNGWDSTAGWFNAVVENQFDPNASVITA*,,,,,,,,,,,,,,,,,,,,,,,
Enterobacteriaceae_gtdb/other_families/Erwiniaceae/refseq/bacteria/GCF_000026185.1/GCF_000026185.1_ASM2618v1_genomic|NC_010694.1|3727223:3727468:1,MEILNFGEISVVSGGDGGAPATVANAAGEMAIIGAIAGIPGGPYGVVAGALLGGLGVAIGSMPAPLPPRVCHIERGYQVCF*,,,,,,,,,,,,,,,,,,,,,,,
Enterobacteriaceae_gtdb/other_families/Erwiniaceae/refseq/bacteria/GCF_000735525.1/GCF_000735525.1_GTPT_DRAFTv1_genomic|NZ_JMPR01000008.1|115827:116048:-1,MKELTHVEVECVSGAGALADSLGNIGSTLGGAMKVLGLKNSVANASAVGTNLGLTLESAFSFVTSAIKLLRDK*,,,,,,,,,,,,,,,,,,,,,,,
Enterobacteriaceae_gtdb/other_families/Erwiniaceae/refseq/bacteria/GCF_001050515.1/GCF_001050515.1_ASM105051v1_genomic|NZ_CAHS01000015.1|260898:261164:-1,MKALTQVEIVSVYGGDGGAPATPANAVGEAVIIGAMSTIALGAATGSPVGPVGMIIGGVTAGILTAVGSHIGGGGRQCRIHAGYQFCD*,,,,,,,,,,,,,,,,,,,,,,,
Enterobacteriaceae_gtdb/other_families/Erwiniaceae/refseq/bacteria/GCF_001050515.1/GCF_001050515.1_ASM105051v1_genomic|NZ_CAHS01000022.1|211643:211888:1,MKALNFGEISVISGGDGGAPATVANAASEMVILGIIAGIPGGPYGMVAGGIIGGLGVAISSMPAPPPPHFCRIERGYQVCF*,,,,,,,,,,,,,,,,,,,,,,,
Enterobacteriaceae_gtdb/other_families/Morganellaceae/refseq/bacteria/GCF_003634575.1/GCF_003634575.1_ASM363457v1_genomic|NZ_RBLJ01000001.1|1073082:1073399:1,MRPIRNDLLNNISGGAGAPVTPANQIGAAMIVGAAAGIAGGPIGVAGGAIAAGTTMAIGLMTPKGPLFGSDGNSGSGNSGNSGGGSSGINSSNGGFERIDRYDDR*,,,,,,,,,,,,,,,,,,,,,,,
Enterobacteriaceae_gtdb/other_families/Budviciaceae/refseq/bacteria/GCF_900112475.1/GCF_900112475.1_IMG-taxon_2602042030_annotated_assembly_genomic|NZ_FOLW01000004.1|85433:85741:1,MRELNLVEIEQVSGAGFIQDSFASVGGVLGKALGDTGIKLVQSAADRFSPALGAGIKLIASSGIGLSGETVGHLAGFTLGGFVEGVFSGIESGFKGKFDFWK*,,,,,,,,,,,,,,,,,,,,,,,
Enterobacteriaceae_gtdb/other_families/Budviciaceae/refseq/bacteria/GCF_900112475.1/GCF_900112475.1_IMG-taxon_2602042030_annotated_assembly_genomic|NZ_FOLW01000001.1|206897:207196:-1,MRELQNNEVEMISGGWTASVNDTIEGAAWGLGDGLTTGIAIGGTATSSGGLGFGTLAQAVGGLLVGPLVGGIFGTLAGAIFGKDEVKATLAHYRENIHG*,,,,,,,,,,,,,,,,,,,,,,,
Enterobacteriaceae_gtdb/other_families/Budviciaceae/refseq/bacteria/GCF_000427805.1/GCF_000427805.1_ASM42780v1_genomic|NZ_ATYS01000024.1|51155:51385:1,MRDLSHNEIEMVSGSGSLSNLGKALSNATPATDTPVNDFTQQFEDMLKAIGDAFVKIGNILNYYTNLFPLPGSSNK*,,,,,,,,,,,,,,,,,,,,,,,
Enterobacteriaceae_gtdb/other_families/Budviciaceae/refseq/bacteria/GCF_000439085.1/GCF_000439085.1_ASM43908v1_genomic|NZ_AUUA01000001.1|464747:464953:1,MRELNKNEMEAVNGGCIEGALDGAACASAIGQSKGWDGFSSFVFSAFGAAVGAVVGSDAATKFLKLFA*,,,,,,,,,,,,,,,,,,,,,,,
Enterobacteriaceae_gtdb/other_families/Budviciaceae/refseq/bacteria/GCF_000439085.1/GCF_000439085.1_ASM43908v1_genomic|NZ_AUUA01000002.1|348414:348734:-1,MRELNTNEVEMVNGGWAKSISDAVEGALFGAGDAMATGMAVGTQIGGGAGGGVLGFGLFGSLAGVIVGGIVGLVYGTVGGFALGREDIEDNIADYRDKFGVRSQGL*,,,,,,,,,,,,,,,,,,,,,,,
Enterobacteriaceae_gtdb/other_families/Budviciaceae/refseq/bacteria/GCF_000439085.1/GCF_000439085.1_ASM43908v1_genomic|NZ_AUUA01000021.1|15269:15469:1,MRELSSKEIECVNGGGVVTDAIWSAVYAVVDFPSRSAGKFIGDKIGGAIGSIVAAPINWIYSLFNK*,,,,,,,,,,,,,,,,,,,,,,,
Enterobacteriaceae_gtdb/other_families/Yersiniaceae/refseq/bacteria/GCF_001590925.1/GCF_001590925.1_ASM159092v1_genomic|NZ_BCTU01000007.1|235809:236150:1,MKIIDSSMLDHISGGRGNNGGDRIDNGGRANSAGKTAAAGAGAIAGGYIGALVTGPGAPLGAAIGGWIGGVIGEAGYNAAVDAVNDPRNNGGNGRGAFGGDSNKNSVNGQCHW*,,,,,,,,,,,,,,,,,,,,,,,
Enterobacteriaceae_gtdb/other_families/Yersiniaceae/refseq/bacteria/GCF_001590925.1/GCF_001590925.1_ASM159092v1_genomic|NZ_BCTU01000026.1|29702:30028:-1,MLRELTREEMQRIGGAGDGNNGGDRDRDYGPSSYGAQANGFQPNWAAKDYGLFQDPCTGAVVTGAIAMAGALASRNGSAIGTAAASAFVNIGGQCNKDSGRDRGVPFR*,,,,,,,,,,,,,,,,,,,,,,,
Enterobacteriaceae_gtdb/other_families/Yersiniaceae/refseq/bacteria/GCF_001590925.1/GCF_001590925.1_ASM159092v1_genomic|NZ_BCTU01000029.1|60676:61044:-1,MLIEHIKSFIKGKNIMSTIRELTLDEMKLIGGCGDGNNGGDRDRTDRGAPDTCANKTGAYMIIGAFTGMPGGPPGMLGMAFAGALTGVVGCDINRQSKNNSDNKGALDGNRNANSVNGQCRW*,,,,,,,,,,,,,,,,,,,,,,,
Enterobacteriaceae_gtdb/other_families/Yersiniaceae/refseq/bacteria/GCF_000754815.1/GCF_000754815.1_YRC_genomic|NZ_KN150747.1|813672:813980:1,MIKLNNEEMSCVYGSVDNRQVIKDILIDSVLGAGFGAPGGPPGMLLGAGLGASQSVIHSAINHGPVDVKIPTVPMGPIWNGSGVNIMKNTWVPGFGSKVNMY*,,,,,,,,,,,,,,,,,,,,,,,
Enterobacteriaceae_gtdb/other_families/Yersiniaceae/refseq/bacteria/GCF_008830365.1/GCF_008830365.1_ASM883036v1_genomic|NZ_WBKI01000001.1|573382:573669:-1,MRALTEVELSFTSGSDGNDSYNPTSLIVGSLSTIAKLPTPVSLAVGVGTEIAIQTAPHLPVNIAIPQVPMGPTWNGSGGGRPSPSSSLSTPDSSN*,,,,,,,,,,,,,,,,,,,,,,,
Enterobacteriaceae_gtdb/other_families/Yersiniaceae/refseq/bacteria/GCF_008830365.1/GCF_008830365.1_ASM883036v1_genomic|NZ_WBKI01000002.1|206197:206487:-1,MKELILDELHSISGGMNLDGHRESTNVIDQRGRDMGTYIDANGKCWSPGTSSIDMYPNGGGTSWGSGPWQPSSGNSFSLEDILSIGWSRFQRDVWG*,,,,,,,,,,,,,,,,,,,,,,,
Enterobacteriaceae_gtdb/other_families/Yersiniaceae/refseq/bacteria/GCF_000422085.1/GCF_000422085.1_ASM42208v1_genomic|NC_021741.1|1541097:1541429:1,MAIRELTSQDLDLISGGNADSGYEGRGDGCGHYGGAPNTCANQVGSKIILGAIGGAIRRPGHPALMVVGAIMGGMKAAISCKDNNPQRGGRQDALGGNNSPNSVNGQCRW*,,,,,,,,,,,,,,,,,,,,,,,
Enterobacteriaceae_gtdb/other_families/Yersiniaceae/refseq/bacteria/GCF_000735345.1/GCF_000735345.1_GEAM_DRAFTv1_genomic|NZ_JMPJ01000040.1|51731:51907:1,MKENKELRELSMDEVDAVSGGGLIGDLLGTVGQIVTPLPIVGPILGGILGNIGGKFPL*,,,,,,,,,,,,,,,,,,,,,,,
Enterobacteriaceae_gtdb/other_families/Yersiniaceae/refseq/bacteria/GCF_000735345.1/GCF_000735345.1_GEAM_DRAFTv1_genomic|NZ_JMPJ01000066.1|72626:72859:-1,MKELSVVEMNAVSGAGWGPWAGAGVGFVSGILTLSLIAKVTNQMPENRTHSQYQNDLGTLAASTVLGAISGAIAEAR*,,,,,,,,,,,,,,,,,,,,,,,
Enterobacteriaceae_gtdb/other_families/Yersiniaceae/refseq/bacteria/GCF_000735345.1/GCF_000735345.1_GEAM_DRAFTv1_genomic|NZ_JMPJ01000067.1|13101:13325:-1,MRTLEQHEMDQVSGAGLFTDAGVVLDNSAMRIGALLLGFTRPTGTNTVADEIGKVVESTLKSLTSLFGSVLKRK*,,,,,,,,,,,,,,,,,,,,,,,
Enterobacteriaceae_gtdb/other_families/Yersiniaceae/refseq/bacteria/GCF_000735345.1/GCF_000735345.1_GEAM_DRAFTv1_genomic|NZ_JMPJ01000076.1|52627:52968:1,MKVIDNSLVEYISGGRGGNTGDYRSERSSNRRNQGRGNDNRGYYSRNTSSGCINGMMVGAATGAFGGLLGVAVGTLGGALTGKCFDSRNEGGGNIGKGGSSNSCDDSRGTCSW*,,,,,,,,,,,,,,,,,,,,,,,
Enterobacteriaceae_gtdb/other_families/Yersiniaceae/refseq/bacteria/GCF_013375155.1/GCF_013375155.1_ASM1337515v1_genomic|NZ_JABXOF010000002.1|376751:376984:-1,MKELTEAEVMAVSGAGIASDAGKILGNGIGAIVDAGTGLFGIHADAAGAGAKLGEGIGAVIDAGISAFSQLFGRKSS*,,,,,,,,,,,,,,,,,,,,,,,
Enterobacteriaceae_gtdb/other_families/Yersiniaceae/refseq/bacteria/GCF_000738675.1/GCF_000738675.1_ASM73867v1_genomic|NZ_JPUX01000001.1|3713889:3714149:1,MRELTINEVNFIAAAGDFSYAELGGAVAAGAVGGAMTGAMAGGVGAGPGAVAGAVIGGAAYTAGKMVESMLGGNKQTSTNNPADSN*,,,,,,,,,,,,,,,,,,,,,,,
Enterobacteriaceae_gtdb/other_families/Yersiniaceae/refseq/bacteria/GCF_000951135.1/GCF_000951135.1_ASM95113v1_genomic|NZ_JRWU01000001.1|1093566:1093757:1,MNSSIREINVDEIAQVSGGGLFDPAINLFNGVGDTAELVAPVLTQAVQVIAEVFYDAGTALGT*,,,,,,,,,,,,,,,,,,,,,,,
Enterobacteriaceae_gtdb/other_families/Yersiniaceae/refseq/bacteria/GCF_000173775.1/GCF_000173775.1_ASM17377v1_genomic|NZ_ACCD01000011.1|83395:83706:-1,MRNLSIIEINNVSGGDSGRELVQTSGSIAGGVIGGRFAGVAGATGGAALGSVVGGKAYDGVAHIINSSPQITIPPQHYNILDHNTVRQPAYHIPMNQNHFPRW*,,,,,,,,,,,,,,,,,,,,,,,
Enterobacteriaceae_gtdb/other_families/Yersiniaceae/refseq/bacteria/GCF_900635445.1/GCF_900635445.1_28869_A02_genomic|NZ_LR134117.1|2447387:2447731:-1,MRELTTKEILTISGGNADSGYEGQGCASQVASDAKRGALAGGYAGAIVGGPRGLPGGPAGIAAGAISGFAYGSIRGAAIEGIRSYSRNCGDNNNSNDPLGGNSSRNSVNGQCHW*,,,,,,,,,,,,,,,,,,,,,,,
Enterobacteriaceae_gtdb/other_families/Yersiniaceae/refseq/bacteria/GCF_001006005.1/GCF_001006005.1_ASM100600v1_genomic|NZ_CP011254.1|4830696:4831004:-1,MKVLSFDEINLVSGAGNVNWEQAGREVAVGGATIAGTAFGTGLAGPLGPAIGLAAGVAVGALYDAAGNPKASGPAGNGICRPNKPLICMSKQGQYESYCNGL*,,,,,,,,,,,,,,,,,,,,,,,
Enterobacteriaceae_gtdb/other_families/Yersiniaceae/refseq/bacteria/GCF_900187015.1/GCF_900187015.1_50465_F01_genomic|NZ_LT906479.1|2102337:2102678:-1,MQEIDAKYFHLIAGAGNFADKRDGCGRVNNAGKQGKKGSAADGKGFYGKHTSPDCVNGIISGSLAGPLGMAAGALNGGCFKDGRSGGGNVGMGKGGNKSNGSCNSGKSGSCSR*,,,,,,,,,,,,,,,,,,,,,,,
Enterobacteriaceae_gtdb/other_families/Yersiniaceae/refseq/bacteria/GCF_900635455.1/GCF_900635455.1_28307_A01_genomic|NZ_LR134116.1|4072804:4073088:1,MKELNLNQIKMVSGAGAPATVANAAGAAAIVGAIAGIPGGPVGVIAGAAVGGLGVAIGSTAPSGNSSSGQSPSFNGMSPSIYAQCFISGGKNCG*,,,,,,,,,,,,,,,,,,,,,,,
Enterobacteriaceae_gtdb/other_families/Yersiniaceae/refseq/bacteria/GCF_000173735.1/GCF_000173735.1_ASM17373v1_genomic|NZ_ACCB01000004.1|116720:117007:1,MEALNSVQANLVAGGDGAPATLPNAVGTAAIVGAIMGIPAGPIGVMGGALGMGIGTAIGATASVGIAPAGDGLPMGMDPRCADREFIMNNHMLCN*,,,,,,,,,,,,,,,,,,,,,,,
Pasteurellaceae_gtdb/refseq/bacteria/GCF_002263215.1/GCF_002263215.1_ASM226321v1_genomic|NZ_NLFK01000003.1|254722:255057:-1,MKELSIDELQLVQGGILPVVIGVATTSMIRGAAVGVTSYGIKETFGNQNYNWKDAGAAAIGGATGALIGNSNAIRTASSVFFSSAAEGLFYSISKSINQSGSDYGDGCDYQ*,,,,,,,,,,,,,,,,,,,,,,,
Vibrionaceae_gtdb/refseq/bacteria/GCF_001471585.2/GCF_001471585.2_ASM147158v2_genomic|NZ_LOSL02000002.1|396119:396304:1,MKENSHIRELSSEEIKTVSGAVSWTAAGYVAASFGAAAFGVFTGGFVNGWGYGNSRPTRRR*,,,,,,,,,,,,,,,,,,,,,,,
Vibrionaceae_gtdb/refseq/bacteria/GCF_900089835.1/GCF_900089835.1_VthalassaeCECT8203_Velvet_Prokka_genomic|NZ_OANU01000123.1|3067:3321:1,MYNLSADEISMVDGGGDGNSSGYPASPSAVAQQANSPSRACGQAIATGAVVNGMAGGYMGGLKGAVAGAVAGGFSAAMSGTCNI*,,,,,,,,,,,,,,,,,,,,,,,
Vibrionaceae_gtdb/refseq/bacteria/GCF_000950415.1/GCF_000950415.1_CFSAN029437_01.0_genomic|NZ_JZSK01000009.1|100391:100603:1,MSKIGRSLTASVVVTQDKNETRYEIKPSSKGAMEGAATGMVIGRIFGPVGMATGALVGGTLGYVLGSDDD*,,,,,,,,,,,,,,,,,,,,,,,
Vibrionaceae_gtdb/refseq/bacteria/GCF_013041605.1/GCF_013041605.1_ASM1304160v1_genomic|NZ_JABEQC010000013.1|73766:74038:-1,MYNLTENEVLLVDGGGDGGRGGSSSQRSSGYPASKGTYNRPGYGPLSPNCVGNTLAGAIGGYMTGGPLGGFVGGTVGSYSGGCFNGRGGY*,,,,,,,,,,,,,,,,,,,,,,,